bucket,athletes,avg_age,avg_mpg,avg_ppg,avg_usage,avg_engagement,avg_trends_12mo,avg_trends_change
High-Value Targets,20,24.5,30.379999999999995,16.54,0.22594999999999998,0.084895,10.355,0.21610500000000002
Young Signature,8,24.75,33.3125,23.35,0.2965,0.062487500000000008,12.751249999999999,0.141525
Established Signature,6,34.5,34.866666666666667,25.6,0.302,0.01855,18.183333333333334,0.0035999999999999782
Marketable Role Players,4,27.5,26.15,14.075,0.2295,0.067975,14.81,-0.069425000000000014
Mixed Outcome,3,31.0,26.733333333333334,13.200000000000001,0.20800000000000002,0.022633333333333332,11.903333333333334,-0.16799999999999998